carril,pk_obra_km,pk_hito_km,deflexion_mm100,singular_gya
D,0.0,0.0,54,0
D,0.02,0.02,104,0
D,0.04,0.041,158,1
D,0.06,0.061,117,0
D,0.08,0.082,82,0
D,0.1,0.102,72,0
D,0.12,0.122,60,0
D,0.14,0.143,66,0
D,0.16,0.163,71,0
D,0.181,0.185,88,0
D,0.201,0.205,112,0
D,0.221,0.225,101,0
D,0.24,0.245,102,0
D,0.261,0.266,96,0
D,0.281,0.286,96,0
D,0.301,0.307,93,0
D,0.32,0.326,93,0
D,0.341,0.348,84,0
D,0.361,0.368,78,0
D,0.382,0.389,85,0
D,0.402,0.41,97,0
D,0.422,0.43,83,0
D,0.442,0.451,76,0
D,0.463,0.472,87,0
D,0.483,0.492,106,0
D,0.503,0.513,77,0
D,0.522,0.532,56,0
D,0.542,0.552,55,0
D,0.562,0.573,58,0
D,0.582,0.593,62,0
D,0.601,0.613,73,0
D,0.622,0.634,88,0
D,0.642,0.654,119,0
D,0.663,0.676,103,0
D,0.683,0.696,102,0
D,0.702,0.716,98,0
D,0.72,0.734,104,0
D,0.741,0.755,96,0
D,0.761,0.776,102,0
D,0.781,0.796,101,0
D,0.8,0.815,112,0
D,0.82,0.836,92,0
D,0.84,0.856,80,0
D,0.86,0.877,78,0
D,0.88,0.897,80,0
D,0.901,0.918,87,0
D,0.921,0.939,102,0
D,0.941,0.959,78,0
D,0.961,0.98,60,0
D,0.981,1.0,74,0
D,1.0,1.019,90,0
D,1.021,1.04,91,0
D,1.042,1.061,105,0
D,1.062,1.081,90,0
D,1.082,1.101,91,0
D,1.102,1.121,88,0
D,1.121,1.14,95,0
D,1.141,1.16,91,0
D,1.161,1.18,97,0
D,1.181,1.2,78,0
D,1.201,1.22,64,0
D,1.221,1.24,62,0
D,1.241,1.26,63,0
D,1.261,1.28,70,0
D,1.28,1.299,83,0
D,1.3,1.319,98,0
D,1.32,1.339,133,0
D,1.341,1.36,101,0
D,1.361,1.38,92,0
D,1.381,1.4,89,0
D,1.401,1.42,97,0
D,1.42,1.439,92,0
D,1.439,1.458,97,0
D,1.46,1.479,93,0
D,1.481,1.501,101,0
D,1.501,1.521,106,0
D,1.52,1.54,127,0
D,1.54,1.56,111,0
D,1.56,1.58,110,0
D,1.58,1.6,89,0
D,1.6,1.62,79,0
D,1.621,1.641,81,0
D,1.641,1.661,92,0
D,1.661,1.681,93,0
D,1.68,1.7,107,0
D,1.701,1.721,97,0
D,1.721,1.741,99,0
D,1.741,1.761,105,0
D,1.761,1.781,125,0
D,1.781,1.801,96,0
D,1.8,1.82,81,0
D,1.82,1.84,82,0
D,1.84,1.86,92,0
D,1.861,1.881,76,0
D,1.881,1.901,69,0
D,1.901,1.921,69,0
D,1.921,1.941,75,0
D,1.941,1.961,71,0
D,1.96,1.98,72,0
D,1.98,2.0,72,0
D,2.0,2.02,77,0
D,2.021,2.041,86,0
D,2.041,2.061,104,0
D,2.061,2.081,100,0
D,2.081,2.101,110,0
D,2.101,2.121,104,0
D,2.121,2.141,113,0
D,2.141,2.161,107,0
D,2.161,2.18,116,0
D,2.181,2.2,101,0
D,2.201,2.22,100,0
D,2.222,2.241,93,0
D,2.242,2.261,98,0
D,2.262,2.281,101,0
D,2.281,2.3,118,0
D,2.301,2.32,100,0
D,2.32,2.339,96,0
D,2.34,2.359,89,0
D,2.36,2.379,94,0
D,2.381,2.4,76,0
D,2.401,2.42,68,0
D,2.422,2.441,66,0
D,2.442,2.461,69,0
D,2.462,2.481,70,0
D,2.481,2.5,78,0
D,2.501,2.519,85,0
D,2.52,2.538,104,0
D,2.541,2.559,84,0
D,2.562,2.58,76,0
D,2.582,2.6,76,0
D,2.601,2.619,82,0
D,2.621,2.639,86,0
D,2.64,2.658,99,0
D,2.66,2.678,89,0
D,2.68,2.698,91,0
D,2.7,2.718,89,0
D,2.72,2.738,101,0
D,2.74,2.758,94,0
D,2.76,2.778,102,0
D,2.781,2.799,82,0
D,2.801,2.819,72,0
D,2.821,2.838,78,0
D,2.841,2.858,94,0
D,2.861,2.878,82,0
D,2.88,2.897,83,0
D,2.901,2.918,89,0
D,2.921,2.938,111,0
D,2.942,2.959,112,0
D,2.963,2.98,136,0
D,2.983,3.0,101,0
D,3.002,3.019,84,0
D,3.021,3.039,65,0
D,3.039,3.057,52,0
D,3.074,3.093,62,0
D,3.108,3.128,77,0
D,3.115,3.135,87,0
D,3.121,3.141,108,0
D,3.14,3.161,113,0
D,3.159,3.18,142,0
D,3.18,3.202,120,0
D,3.2,3.222,122,0
D,3.22,3.243,109,0
D,3.24,3.263,118,0
D,3.26,3.284,104,0
D,3.279,3.303,115,0
D,3.3,3.325,98,0
D,3.32,3.345,100,0
D,3.34,3.366,98,0
D,3.359,3.385,112,0
D,3.38,3.407,99,0
D,3.4,3.427,109,0
D,3.421,3.449,81,0
D,3.441,3.469,69,0
D,3.461,3.49,79,0
D,3.48,3.509,102,0
D,3.5,3.53,84,0
D,3.52,3.55,74,0
D,3.541,3.572,78,0
D,3.561,3.592,91,0
D,3.581,3.613,91,0
D,3.601,3.633,105,0
D,3.621,3.654,100,0
D,3.64,3.673,117,0
D,3.661,3.695,101,0
D,3.681,3.715,105,0
D,3.701,3.736,86,0
D,3.72,3.755,78,0
D,3.74,3.776,102,0
D,3.76,3.796,142,0
D,3.78,3.817,117,0
D,3.799,3.836,105,0
D,3.82,3.858,91,0
D,3.84,3.878,87,0
D,3.861,3.9,74,0
D,3.881,3.92,70,0
D,3.901,3.941,80,0
D,3.92,3.96,103,0
D,3.94,3.981,114,0
D,3.959,4.0,153,1
D,3.98,4.021,125,0
D,4.001,4.043,133,0
D,4.022,4.064,123,0
D,4.042,4.085,146,0
D,4.062,4.105,122,0
D,4.082,4.125,127,0
D,4.101,4.145,109,0
D,4.12,4.164,121,0
D,4.141,4.185,127,0
D,4.161,4.206,174,1
D,4.181,4.226,130,0
D,4.201,4.246,120,0
D,4.221,4.267,104,0
D,4.24,4.286,105,0
D,4.26,4.307,88,0
D,4.28,4.327,81,0
D,4.301,4.348,83,0
D,4.321,4.369,92,0
D,4.34,4.388,98,0
D,4.359,4.407,112,0
D,4.38,4.429,97,0
D,4.401,4.45,92,0
D,4.421,4.47,100,0
D,4.44,4.49,127,0
D,4.461,4.511,112,0
D,4.481,4.532,124,0
D,4.501,4.552,104,0
D,4.52,4.571,102,0
D,4.54,4.592,98,0
D,4.56,4.612,104,0
D,4.58,4.632,104,0
D,4.599,4.652,122,0
D,4.62,4.673,94,0
D,4.64,4.693,83,0
D,4.661,4.715,102,0
D,4.682,4.736,138,0
D,4.701,4.756,107,0
D,4.72,4.775,92,0
D,4.74,4.795,95,0
D,4.76,4.816,107,0
D,4.78,4.836,88,0
D,4.799,4.855,79,0
D,4.82,4.877,93,0
D,4.841,4.898,120,0
D,4.861,4.919,121,0
D,4.881,4.939,150,1
D,4.901,4.959,114,0
D,4.92,4.979,108,0
D,4.941,5.0,110,0
D,4.961,5.02,132,0
D,4.981,5.041,104,0
D,5.001,5.061,89,0
D,5.021,5.082,89,0
D,5.04,5.101,101,0
D,5.061,5.122,96,0
D,5.081,5.143,109,0
D,5.101,5.163,103,0
D,5.12,5.183,121,0
D,5.14,5.203,101,0
D,5.16,5.223,103,0
D,5.181,5.245,83,0
D,5.201,5.265,74,0
D,5.221,5.286,78,0
D,5.241,5.306,87,0
D,5.261,5.327,91,0
D,5.28,5.346,107,0
D,5.3,5.366,95,0
D,5.32,5.387,91,0
D,5.34,5.407,94,0
D,5.36,5.428,109,0
D,5.38,5.448,102,0
D,5.4,5.468,113,0
D,5.421,5.49,97,0
D,5.441,5.51,96,0
D,5.461,5.531,96,0
D,5.48,5.55,109,0
D,5.501,5.571,100,0
D,5.522,5.593,102,0
D,5.542,5.613,111,0
D,5.562,5.634,134,0
D,5.582,5.654,113,0
D,5.601,5.673,108,0
D,5.622,5.695,105,0
D,5.643,5.716,122,0
D,5.662,5.736,100,0
D,5.681,5.755,97,0
D,5.702,5.777,98,0
D,5.723,5.798,114,0
D,5.743,5.818,102,0
D,5.762,5.838,115,0
D,5.782,5.858,95,0
D,5.802,5.879,103,0
D,5.822,5.899,89,0
D,5.841,5.918,95,0
D,5.861,5.939,86,0
D,5.881,5.959,93,0
D,5.901,5.98,88,0
D,5.921,6.0,98,0
D,5.942,6.021,97,0
D,5.962,6.042,113,0
D,5.982,6.062,101,0
D,6.001,6.082,106,0
D,6.021,6.102,94,0
D,6.04,6.121,95,0
D,6.061,6.143,91,0
D,6.081,6.163,93,0
D,6.101,6.184,83,0
D,6.121,6.204,79,0
D,6.141,6.224,78,0
D,6.161,6.245,84,0
D,6.181,6.265,85,0
D,6.201,6.286,91,0
D,6.221,6.306,94,0
D,6.241,6.327,106,0
D,6.261,6.347,90,0
D,6.28,6.366,89,0
D,6.3,6.387,87,0
D,6.32,6.407,99,0
D,6.341,6.429,108,0
D,6.361,6.449,141,0
D,6.38,6.468,132,0
D,6.399,6.488,162,1
D,6.42,6.509,132,0
D,6.441,6.531,133,0
D,6.461,6.551,116,0
D,6.48,6.57,118,0
D,6.501,6.592,114,0
D,6.521,6.612,133,0
D,6.541,6.633,110,0
D,6.56,6.652,111,0
D,6.581,6.673,100,0
D,6.601,6.694,109,0
D,6.621,6.714,98,0
D,6.64,6.734,106,0
D,6.661,6.755,86,0
D,6.681,6.776,80,0
D,6.701,6.796,93,0
D,6.72,6.815,122,0
D,6.74,6.836,119,0
D,6.76,6.856,147,0
D,6.781,6.878,120,0
D,6.801,6.898,125,0
D,6.822,6.919,114,0
D,6.842,6.94,125,0
D,6.862,6.96,110,0
D,6.881,6.98,115,0
D,6.901,7.0,90,0
D,6.92,7.019,80,0
D,6.941,7.039,82,0
D,6.961,7.059,92,0
D,6.983,7.08,93,0
D,7.004,7.101,111,0
D,7.023,7.12,86,0
D,7.041,7.137,77,0
D,7.061,7.157,99,0
D,7.08,7.175,135,0
D,7.101,7.196,140,0
D,7.122,7.217,176,1
D,7.141,7.235,122,0
D,7.16,7.254,94,0
D,7.181,7.275,99,0
D,7.201,7.294,124,0
D,7.221,7.314,91,0
D,7.241,7.333,78,0
D,7.262,7.354,98,0
D,7.283,7.375,139,0
D,7.302,7.393,121,0
D,7.32,7.411,132,0
D,7.34,7.43,111,0
D,7.36,7.45,114,0
D,7.38,7.47,118,0
D,7.4,7.489,143,0
D,7.421,7.51,111,0
D,7.441,7.529,96,0
D,7.461,7.549,71,0
D,7.48,7.568,54,0
D,7.501,7.588,76,0
D,7.521,7.608,108,0
D,7.541,7.627,107,0
D,7.56,7.646,123,0
D,7.582,7.668,118,0
D,7.604,7.689,133,0
D,7.622,7.707,140,0
D,7.64,7.725,186,1
D,7.661,7.745,129,0
D,7.681,7.765,106,0
D,7.701,7.784,114,0
D,7.721,7.804,141,0
D,7.741,7.824,106,0
D,7.761,7.843,92,0
D,7.781,7.863,91,0
D,7.8,7.881,111,0
D,7.822,7.903,107,0
D,7.844,7.925,123,0
D,7.863,7.943,100,0
D,7.882,7.962,95,0
D,7.902,7.981,91,0
D,7.921,8.0,102,0
D,7.941,8.021,82,0
D,7.961,8.042,73,0
D,7.981,8.063,67,0
D,8.001,8.083,69,0
D,8.022,8.105,57,0
D,8.042,8.126,51,0
D,8.062,8.147,75,0
D,8.082,8.168,108,0
D,8.102,8.189,102,0
D,8.121,8.209,114,0
D,8.141,8.229,111,0
D,8.161,8.25,131,0
D,8.181,8.271,114,0
D,8.2,8.291,117,0
D,8.22,8.312,105,0
D,8.24,8.333,107,0
D,8.261,8.355,100,0
D,8.281,8.375,104,0
D,8.301,8.396,90,0
D,8.321,8.417,82,0
D,8.341,8.438,94,0
D,8.36,8.458,114,0
D,8.381,8.48,108,0
D,8.401,8.501,115,0
D,8.421,8.521,99,0
D,8.441,8.542,93,0
D,8.461,8.563,98,0
D,8.481,8.584,115,0
D,8.501,8.605,99,0
D,8.521,8.626,100,0
D,8.541,8.647,99,0
D,8.56,8.666,120,0
D,8.58,8.687,99,0
D,8.6,8.708,97,0
D,8.621,8.73,95,0
D,8.641,8.751,107,0
D,8.661,8.772,92,0
D,8.681,8.792,92,0
D,8.701,8.813,91,0
D,8.721,8.834,108,0
D,8.741,8.855,90,0
D,8.761,8.876,91,0
D,8.781,8.897,87,0
D,8.801,8.918,98,0
D,8.822,8.94,88,0
D,8.842,8.96,90,0
D,8.861,8.98,97,0
D,8.88,9.0,117,0
D,8.901,9.021,107,0
D,8.921,9.041,105,0
D,8.941,9.061,106,0
D,8.96,9.08,112,0
D,8.98,9.1,114,0
D,8.999,9.119,128,0
D,9.021,9.141,109,0
D,9.042,9.162,104,0
D,9.062,9.182,97,0
D,9.082,9.202,102,0
D,9.101,9.221,90,0
D,9.12,9.24,91,0
D,9.141,9.261,101,0
D,9.161,9.281,124,0
D,9.182,9.302,106,0
D,9.202,9.322,98,0
D,9.222,9.342,106,0
D,9.242,9.362,124,0
D,9.261,9.381,118,0
D,9.28,9.4,129,0
D,9.3,9.42,118,0
D,9.32,9.44,128,0
D,9.341,9.461,110,0
D,9.361,9.481,111,0
D,9.381,9.5,100,0
D,9.401,9.52,103,0
D,9.421,9.54,90,0
D,9.44,9.559,86,0
D,9.46,9.579,98,0
D,9.48,9.599,121,0
D,9.501,9.62,103,0
D,9.521,9.64,98,0
D,9.542,9.661,99,0
D,9.563,9.682,112,0
D,9.582,9.701,89,0
D,9.6,9.719,78,0
D,9.62,9.739,97,0
D,9.64,9.759,126,0
D,9.66,9.779,97,0
D,9.68,9.799,83,0
D,9.701,9.82,86,0
D,9.722,9.841,99,0
D,9.741,9.86,93,0
D,9.76,9.879,99,0
D,9.781,9.9,85,0
D,9.801,9.92,83,0
D,9.821,9.94,83,0
D,9.84,9.959,92,0
D,9.861,9.98,87,0
D,9.881,10.0,94,0
D,9.902,10.021,90,0
D,9.922,10.041,100,0
D,9.942,10.061,94,0
D,9.962,10.081,104,0
D,9.981,10.1,92,0
D,10.0,10.119,94,0
D,10.021,10.14,90,0
D,10.042,10.161,97,0
D,10.062,10.181,85,0
D,10.082,10.201,81,0
D,10.101,10.22,85,0
D,10.12,10.239,96,0
D,10.14,10.259,103,0
D,10.16,10.279,125,0
D,10.311,10.43,110,0
D,10.461,10.579,107,0
D,10.472,10.59,93,0
D,10.482,10.6,87,0
D,10.501,10.619,85,0
D,10.52,10.638,91,0
D,10.54,10.658,86,0
D,10.559,10.677,88,0
D,10.58,10.698,93,0
D,10.6,10.718,112,0
D,10.621,10.739,108,0
D,10.641,10.759,128,0
D,10.661,10.779,105,0
D,10.68,10.798,103,0
D,10.7,10.818,71,0
D,10.72,10.838,45,0
D,10.74,10.858,70,0
D,10.76,10.878,98,0
D,10.78,10.898,97,0
D,10.8,10.918,109,0
D,10.821,10.939,101,0
D,10.841,10.959,109,0
D,10.862,10.98,101,0
D,10.882,11.0,108,0
D,10.902,11.02,103,0
D,10.922,11.041,113,0
D,10.942,11.061,108,0
D,10.962,11.082,116,0
D,10.982,11.102,94,0
D,11.002,11.123,85,0
D,11.021,11.142,79,0
D,11.04,11.161,82,0
D,11.061,11.183,75,0
D,11.081,11.203,76,0
D,11.1,11.223,88,0
D,11.119,11.242,111,0
D,11.14,11.264,104,0
D,11.16,11.284,111,0
D,11.181,11.305,90,0
D,11.202,11.327,82,0
D,11.221,11.346,88,0
D,11.24,11.366,110,0
D,11.261,11.387,102,0
D,11.281,11.408,113,0
D,11.301,11.428,99,0
D,11.321,11.448,98,0
D,11.341,11.469,95,0
D,11.36,11.488,104,0
D,11.38,11.509,97,0
D,11.399,11.528,106,0
D,11.42,11.55,114,0
D,11.441,11.571,143,0
D,11.461,11.591,91,0
D,11.48,11.611,50,0
D,11.501,11.632,68,0
D,11.521,11.653,90,0
D,11.541,11.673,82,0
D,11.56,11.693,83,0
D,11.58,11.713,85,0
D,11.6,11.733,98,0
D,11.62,11.754,102,0
D,11.64,11.774,127,0
D,11.66,11.795,102,0
D,11.679,11.814,102,0
D,11.699,11.835,90,0
D,11.719,11.855,94,0
D,11.74,11.876,100,0
D,11.76,11.897,127,0
D,11.78,11.917,112,0
D,11.8,11.938,123,0
D,11.821,11.959,101,0
D,11.841,11.98,100,0
D,11.861,12.0,79,0
D,11.881,12.021,70,0
D,11.901,12.042,81,0
D,11.921,12.062,105,0
D,11.941,12.083,96,0
D,11.96,12.103,103,0
D,11.98,12.124,112,0
D,12.0,12.145,142,0
D,12.021,12.167,115,0
D,12.042,12.189,116,0
D,12.062,12.209,106,0
D,12.081,12.229,120,0
D,12.102,12.251,85,0
D,12.122,12.272,65,0
D,12.141,12.292,65,0
D,12.16,12.311,74,0
D,12.181,12.333,98,0
D,12.201,12.354,139,0
D,12.221,12.375,110,0
D,12.24,12.395,98,0
D,12.261,12.417,113,0
D,12.281,12.438,153,1
D,12.3,12.457,126,0
D,12.319,12.477,131,0
D,12.34,12.499,119,0
D,12.361,12.521,125,0
D,12.381,12.542,111,0
D,12.4,12.561,108,0
D,12.421,12.583,84,0
D,12.441,12.604,67,0
D,12.461,12.625,107,0
D,12.48,12.645,164,1
D,12.5,12.666,137,0
D,12.519,12.685,145,0
D,12.54,12.707,128,0
D,12.56,12.728,147,0
D,12.581,12.75,135,0
D,12.601,12.771,151,1
D,12.621,12.792,115,0
D,12.641,12.812,100,0
D,12.661,12.833,86,0
D,12.68,12.853,89,0
D,12.7,12.874,83,0
D,12.72,12.895,92,0
D,12.74,12.916,60,0
D,12.76,12.936,37,0
D,12.78,12.957,74,0
D,12.8,12.978,123,0
D,12.821,13.0,114,0
D,12.842,13.021,127,0
D,12.862,13.042,122,0
D,12.881,13.061,138,0
D,12.901,13.082,107,0
D,12.92,13.101,92,0
D,12.94,13.121,104,0
D,12.959,13.141,131,0
D,12.98,13.162,118,0
D,13.0,13.183,125,0
D,13.02,13.203,92,0
D,13.04,13.223,75,0
D,13.06,13.244,92,0
D,13.079,13.263,127,0
D,13.1,13.285,89,0
D,13.121,13.306,69,0
D,13.141,13.327,61,0
D,13.161,13.347,63,0
D,13.181,13.367,76,0
D,13.201,13.388,102,0
D,13.221,13.408,88,0
D,13.24,13.428,86,0
D,13.26,13.448,79,0
D,13.28,13.468,79,0
D,13.301,13.49,92,0
D,13.322,13.511,117,0
D,13.341,13.531,89,0
D,13.36,13.55,77,0
D,13.381,13.571,65,0
D,13.401,13.592,60,0
D,13.421,13.612,72,0
D,13.44,13.632,93,0
D,13.46,13.652,96,0
D,13.48,13.672,119,0
D,13.5,13.693,106,0
D,13.52,13.713,113,0
D,13.54,13.734,106,0
D,13.56,13.754,121,0
D,13.581,13.776,109,0
D,13.601,13.796,124,0
D,13.621,13.816,109,0
D,13.64,13.836,116,0
D,13.66,13.856,94,0
D,13.68,13.877,86,0
D,13.7,13.897,80,0
D,13.72,13.917,83,0
D,13.74,13.938,74,0
D,13.76,13.958,72,0
D,13.781,13.98,93,0
D,13.801,14.0,130,0
D,13.821,14.02,90,0
D,13.841,14.041,91,0
D,13.861,14.061,101,0
D,13.88,14.081,124,0
D,13.901,14.102,106,0
D,13.921,14.122,98,0
D,13.941,14.143,106,0
D,13.961,14.163,124,0
D,13.981,14.184,118,0
D,14.0,14.203,129,0
D,14.021,14.224,118,0
D,14.041,14.245,128,0
D,14.062,14.266,110,0
D,14.083,14.288,111,0
D,14.102,14.307,100,0
D,14.12,14.326,103,0
D,14.141,14.347,90,0
D,14.161,14.367,86,0
D,14.181,14.388,98,0
D,14.201,14.408,121,0
D,14.221,14.429,103,0
D,14.241,14.449,98,0
D,14.261,14.469,99,0
D,14.281,14.49,112,0
D,14.301,14.51,89,0
D,14.32,14.53,78,0
D,14.341,14.551,97,0
D,14.361,14.571,126,0
D,14.382,14.593,97,0
D,14.402,14.613,83,0
D,14.423,14.635,86,0
D,14.443,14.655,99,0
D,14.462,14.674,93,0
D,14.48,14.693,99,0
D,14.5,14.713,85,0
D,14.52,14.734,83,0
D,14.54,14.754,83,0
D,14.56,14.774,92,0
D,14.58,14.795,87,0
D,14.6,14.815,94,0
D,14.622,14.838,90,0
D,14.643,14.859,100,0
D,14.663,14.88,94,0
D,14.683,14.9,104,0
D,14.703,14.92,92,0
D,14.722,14.94,94,0
D,14.741,14.959,90,0
D,14.76,14.979,97,0
D,14.771,14.99,85,0
D,14.781,15.0,81,0
D,14.801,15.02,85,0
D,14.821,15.041,96,0
D,14.841,15.061,103,0
D,14.86,15.081,125,0
D,14.868,15.089,110,0
D,14.875,15.096,107,0
D,14.918,15.14,93,0
D,14.96,15.183,87,0
D,14.981,15.204,85,0
D,15.001,15.225,91,0
D,15.021,15.245,86,0
D,15.041,15.266,88,0
D,15.061,15.286,93,0
D,15.08,15.305,112,0
D,15.101,15.327,108,0
D,15.121,15.347,128,0
D,15.161,15.388,105,0
D,15.201,15.429,45,0
D,15.201,15.429,71,0
D,15.201,15.429,103,0
D,15.221,15.449,70,0
D,15.24,15.469,98,0
D,15.264,15.493,97,0
D,15.288,15.518,109,0
D,15.304,15.534,101,0
D,15.32,15.551,109,0
D,15.341,15.572,101,0
D,15.362,15.593,108,0
D,15.381,15.613,103,0
D,15.4,15.632,113,0
D,15.421,15.654,108,0
D,15.441,15.674,116,0
D,15.461,15.695,94,0
D,15.48,15.714,85,0
D,15.501,15.735,79,0
D,15.521,15.756,82,0
D,15.541,15.776,75,0
D,15.561,15.797,76,1
D,15.581,15.817,88,0
D,15.6,15.837,111,0
D,15.621,15.858,104,0
D,15.641,15.878,111,0
D,15.662,15.9,90,0
D,15.682,15.92,82,0
D,15.702,15.941,88,0
D,15.721,15.96,110,0
D,15.741,15.981,102,0
D,15.76,16.0,113,0
D,15.78,16.022,99,0
D,15.8,16.043,98,0
D,15.82,16.065,95,0
D,15.84,16.087,104,1
D,15.861,16.11,97,0
D,15.881,16.132,106,0
D,15.9,16.152,114,0
D,15.919,16.173,143,0
D,15.94,16.196,91,0
D,15.96,16.217,50,0
D,15.981,16.24,68,0
D,16.001,16.262,90,0
D,16.021,16.284,82,0
D,16.04,16.304,83,0
D,16.06,16.326,85,0
D,16.08,16.348,98,0
D,16.1,16.37,102,0
D,16.12,16.391,127,0
D,16.141,16.414,102,0
D,16.161,16.436,102,0
D,16.181,16.458,90,0
D,16.201,16.479,94,0
D,16.221,16.501,100,0
D,16.241,16.523,127,0
D,16.261,16.545,112,0
D,16.28,16.565,123,0
D,16.3,16.587,101,0
D,16.32,16.609,100,0
D,16.341,16.632,79,0
D,16.361,16.653,70,0
D,16.382,16.676,81,0
D,16.402,16.698,105,0
D,16.421,16.718,96,0
D,16.44,16.739,103,0
D,16.461,16.762,112,0
D,16.481,16.784,142,0
D,16.502,16.807,115,0
D,16.522,16.828,116,0
D,16.542,16.85,106,0
D,16.561,16.871,120,0
D,16.581,16.892,85,0
D,16.601,16.914,65,0
D,16.621,16.936,65,0
D,16.641,16.958,74,0
D,16.661,16.979,98,0
D,16.68,17.0,139,0
D,16.7,17.02,110,0
D,16.72,17.04,98,0
D,16.74,17.06,113,0
D,16.759,17.079,153,0
D,16.781,17.101,126,0
D,16.802,17.122,131,0
D,16.822,17.142,119,0
D,16.841,17.161,125,1
D,16.861,17.181,111,0
D,16.88,17.2,108,0
I,0.01,0.01,31,0
I,0.019,0.019,35,0
I,0.028,0.028,40,0
I,0.049,0.05,54,0
I,0.07,0.071,68,0
I,0.09,0.091,69,0
I,0.109,0.11,69,0
I,0.13,0.131,67,0
I,0.15,0.152,64,0
I,0.17,0.172,74,0
I,0.189,0.191,84,0
I,0.209,0.211,89,0
I,0.228,0.231,95,0
I,0.249,0.252,66,0
I,0.269,0.272,36,0
I,0.29,0.293,76,0
I,0.31,0.313,114,0
I,0.329,0.333,88,0
I,0.348,0.352,60,0
I,0.369,0.373,61,0
I,0.389,0.393,63,0
I,0.409,0.414,66,0
I,0.428,0.433,69,0
I,0.449,0.454,81,0
I,0.47,0.475,93,0
I,0.49,0.495,90,0
I,0.51,0.516,87,0
I,0.53,0.536,89,0
I,0.55,0.556,91,0
I,0.57,0.576,83,0
I,0.59,0.597,74,0
I,0.61,0.617,70,0
I,0.63,0.637,65,0
I,0.65,0.657,71,0
I,0.669,0.676,76,0
I,0.689,0.697,80,0
I,0.709,0.717,84,0
I,0.73,0.738,87,0
I,0.75,0.758,89,0
I,0.77,0.779,91,0
I,0.789,0.798,92,0
I,0.809,0.818,95,0
I,0.829,0.838,98,0
I,0.85,0.859,91,0
I,0.87,0.88,84,0
I,0.89,0.9,77,0
I,0.91,0.92,70,0
I,0.93,0.94,86,0
I,0.95,0.961,102,0
I,0.97,0.981,107,0
I,0.989,1.0,110,0
I,1.01,1.021,91,0
I,1.03,1.041,71,0
I,1.05,1.061,64,0
I,1.07,1.081,56,0
I,1.09,1.101,62,0
I,1.109,1.12,68,0
I,1.129,1.14,79,0
I,1.148,1.159,89,0
I,1.169,1.18,91,0
I,1.19,1.201,93,0
I,1.209,1.22,91,0
I,1.228,1.239,88,0
I,1.249,1.26,85,0
I,1.27,1.281,82,0
I,1.29,1.301,86,0
I,1.31,1.321,89,0
I,1.33,1.341,93,0
I,1.35,1.361,96,0
I,1.37,1.381,92,0
I,1.39,1.401,89,0
I,1.41,1.421,95,0
I,1.429,1.44,101,0
I,1.45,1.461,101,0
I,1.47,1.481,100,0
I,1.49,1.5,97,0
I,1.509,1.519,95,0
I,1.53,1.54,96,0
I,1.55,1.56,97,0
I,1.57,1.58,87,0
I,1.59,1.6,77,0
I,1.61,1.62,94,0
I,1.63,1.64,111,0
I,1.65,1.66,113,0
I,1.669,1.679,115,0
I,1.69,1.7,90,0
I,1.71,1.72,64,0
I,1.73,1.74,66,0
I,1.75,1.76,67,0
I,1.769,1.779,75,0
I,1.788,1.798,82,0
I,1.809,1.819,81,0
I,1.829,1.839,80,0
I,1.85,1.86,87,0
I,1.87,1.88,94,0
I,1.89,1.9,91,0
I,1.91,1.92,89,0
I,1.93,1.94,88,0
I,1.95,1.96,88,0
I,1.97,1.98,79,0
I,1.99,2.0,70,0
I,2.009,2.019,67,0
I,2.028,2.038,63,0
I,2.049,2.059,67,0
I,2.07,2.08,70,0
I,2.09,2.1,63,0
I,2.109,2.119,55,0
I,2.129,2.139,56,0
I,2.149,2.159,57,0
I,2.17,2.18,65,0
I,2.19,2.2,72,0
I,2.21,2.22,71,0
I,2.229,2.239,69,0
I,2.25,2.26,78,0
I,2.27,2.28,86,0
I,2.29,2.3,77,0
I,2.31,2.32,68,0
I,2.33,2.34,70,0
I,2.35,2.36,71,0
I,2.37,2.38,72,0
I,2.39,2.4,73,0
I,2.41,2.42,82,0
I,2.43,2.44,90,0
I,2.45,2.46,82,0
I,2.47,2.48,74,0
I,2.49,2.5,68,0
I,2.51,2.52,62,0
I,2.53,2.54,63,0
I,2.549,2.559,65,0
I,2.57,2.58,67,0
I,2.59,2.6,69,0
I,2.61,2.62,73,0
I,2.629,2.639,77,0
I,2.65,2.66,77,0
I,2.67,2.68,78,0
I,2.69,2.7,74,0
I,2.71,2.72,71,0
I,2.73,2.74,70,0
I,2.75,2.76,70,0
I,2.771,2.781,68,0
I,2.791,2.801,67,0
I,2.811,2.821,69,0
I,2.83,2.84,71,0
I,2.85,2.86,81,0
I,2.869,2.879,91,0
I,2.89,2.9,84,0
I,2.91,2.92,76,0
I,2.93,2.94,95,0
I,2.95,2.96,113,0
I,2.97,2.98,94,0
I,2.99,3.0,74,0
I,3.01,3.02,59,0
I,3.029,3.04,44,0
I,3.044,3.055,58,0
I,3.059,3.07,70,0
I,3.091,3.103,66,0
I,3.122,3.135,62,0
I,3.136,3.149,81,0
I,3.15,3.163,100,0
I,3.17,3.184,96,0
I,3.19,3.204,90,0
I,3.21,3.224,95,0
I,3.229,3.244,100,0
I,3.249,3.264,104,0
I,3.269,3.285,109,0
I,3.29,3.306,109,0
I,3.31,3.327,108,0
I,3.33,3.347,97,0
I,3.35,3.367,86,0
I,3.37,3.388,82,0
I,3.389,3.407,77,0
I,3.41,3.429,77,0
I,3.43,3.449,78,0
I,3.45,3.469,70,0
I,3.47,3.49,62,0
I,3.49,3.51,64,0
I,3.51,3.531,66,0
I,3.53,3.551,83,0
I,3.55,3.571,99,0
I,3.57,3.592,103,0
I,3.59,3.612,107,0
I,3.61,3.633,112,0
I,3.629,3.652,117,0
I,3.649,3.672,125,0
I,3.669,3.693,133,0
I,3.69,3.714,98,0
I,3.71,3.735,62,0
I,3.73,3.755,81,0
I,3.749,3.774,99,0
I,3.77,3.796,114,0
I,3.79,3.816,128,0
I,3.81,3.837,104,0
I,3.829,3.856,80,0
I,3.85,3.878,79,0
I,3.87,3.898,77,0
I,3.89,3.918,78,0
I,3.91,3.939,79,0
I,3.93,3.959,82,0
I,3.949,3.979,85,0
I,3.97,4.0,99,0
I,3.99,4.02,113,0
I,4.01,4.04,101,0
I,4.03,4.06,89,0
I,4.05,4.08,90,0
I,4.07,4.1,91,0
I,4.09,4.12,94,0
I,4.11,4.14,96,0
I,4.13,4.16,85,0
I,4.149,4.179,74,0
I,4.17,4.2,94,0
I,4.19,4.22,114,0
I,4.209,4.239,101,0
I,4.227,4.257,87,0
I,4.248,4.278,98,0
I,4.269,4.299,110,0
I,4.29,4.32,94,0
I,4.31,4.34,78,0
I,4.33,4.36,79,0
I,4.349,4.379,80,0
I,4.37,4.4,102,0
I,4.39,4.42,123,0
I,4.41,4.44,114,0
I,4.43,4.46,104,0
I,4.45,4.48,102,0
I,4.469,4.499,99,0
I,4.49,4.52,114,0
I,4.51,4.54,129,0
I,4.53,4.56,108,0
I,4.549,4.579,87,0
I,4.57,4.6,95,0
I,4.59,4.62,102,0
I,4.609,4.639,105,0
I,4.627,4.657,109,0
I,4.648,4.678,99,0
I,4.669,4.699,88,0
I,4.69,4.72,82,0
I,4.71,4.74,75,0
I,4.73,4.76,91,0
I,4.749,4.779,106,0
I,4.77,4.8,97,0
I,4.79,4.82,87,0
I,4.81,4.84,63,0
I,4.829,4.859,38,0
I,4.85,4.88,49,0
I,4.87,4.9,60,0
I,4.89,4.92,55,0
I,4.909,4.939,50,0
I,4.93,4.96,55,0
I,4.95,4.98,60,0
I,4.97,5.0,100,0
I,4.989,5.019,138,0
I,5.01,5.04,121,0
I,5.03,5.06,102,0
I,5.05,5.08,102,0
I,5.07,5.1,101,0
I,5.09,5.12,100,0
I,5.11,5.14,98,0
I,5.13,5.16,92,0
I,5.149,5.179,86,0
I,5.169,5.199,79,0
I,5.189,5.219,72,0
I,5.209,5.239,55,0
I,5.229,5.259,38,0
I,5.249,5.279,44,0
I,5.269,5.299,50,0
I,5.29,5.32,67,0
I,5.31,5.34,85,0
I,5.33,5.36,90,0
I,5.349,5.379,95,0
I,5.369,5.399,94,0
I,5.389,5.419,94,0
I,5.409,5.439,89,0
I,5.429,5.459,85,0
I,5.449,5.479,78,0
I,5.469,5.499,70,0
I,5.489,5.519,70,0
I,5.509,5.539,69,0
I,5.529,5.559,69,0
I,5.549,5.579,69,0
I,5.569,5.599,85,0
I,5.589,5.619,101,0
I,5.609,5.639,79,0
I,5.629,5.659,57,0
I,5.649,5.679,61,0
I,5.669,5.699,65,0
I,5.689,5.719,72,0
I,5.709,5.739,78,0
I,5.729,5.759,77,0
I,5.749,5.779,77,0
I,5.769,5.799,84,0
I,5.789,5.819,92,0
I,5.809,5.839,87,0
I,5.829,5.859,82,0
I,5.85,5.88,87,0
I,5.87,5.9,92,0
I,5.89,5.92,93,0
I,5.91,5.94,95,0
I,5.93,5.96,99,0
I,5.95,5.98,103,0
I,5.97,6.0,72,0
I,5.989,6.019,40,0
I,6.009,6.039,51,0
I,6.029,6.059,61,0
I,6.05,6.08,65,0
I,6.07,6.1,69,0
I,6.088,6.118,54,0
I,6.106,6.136,39,0
I,6.128,6.158,60,0
I,6.149,6.179,80,0
I,6.17,6.2,82,0
I,6.19,6.22,84,0
I,6.21,6.24,89,0
I,6.23,6.26,94,0
I,6.25,6.28,99,0
I,6.27,6.3,104,0
I,6.29,6.32,96,0
I,6.31,6.34,89,0
I,6.33,6.36,86,0
I,6.349,6.379,82,0
I,6.37,6.4,92,0
I,6.39,6.42,102,0
I,6.41,6.44,101,0
I,6.429,6.459,101,0
I,6.449,6.479,96,0
I,6.468,6.498,91,0
I,6.488,6.518,88,0
I,6.508,6.538,85,0
I,6.528,6.558,83,0
I,6.548,6.578,80,0
I,6.569,6.599,91,0
I,6.589,6.619,101,0
I,6.61,6.64,90,0
I,6.63,6.66,79,0
I,6.649,6.679,67,0
I,6.668,6.698,55,0
I,6.689,6.719,59,0
I,6.71,6.74,63,0
I,6.73,6.76,85,0
I,6.75,6.78,107,0
I,6.769,6.799,104,0
I,6.788,6.818,101,0
I,6.809,6.839,96,0
I,6.829,6.859,90,0
I,6.85,6.88,94,0
I,6.87,6.9,99,0
I,6.89,6.92,92,0
I,6.909,6.939,84,0
I,6.929,6.959,75,0
I,6.949,6.979,65,0
I,6.97,7.0,73,0
I,6.99,7.02,81,0
I,7.01,7.04,74,0
I,7.029,7.059,67,0
I,7.05,7.08,62,0
I,7.07,7.1,57,0
I,7.09,7.12,64,0
I,7.109,7.139,71,0
I,7.129,7.159,71,0
I,7.149,7.179,71,0
I,7.169,7.199,88,0
I,7.189,7.219,104,0
I,7.209,7.239,87,0
I,7.228,7.258,70,0
I,7.248,7.278,78,0
I,7.267,7.297,87,0
I,7.289,7.319,98,0
I,7.31,7.34,108,0
I,7.33,7.36,101,0
I,7.349,7.379,93,0
I,7.369,7.399,92,0
I,7.389,7.419,91,0
I,7.409,7.439,89,0
I,7.429,7.459,88,0
I,7.449,7.479,92,0
I,7.469,7.499,96,0
I,7.489,7.519,92,0
I,7.508,7.538,87,0
I,7.528,7.558,77,0
I,7.548,7.578,66,0
I,7.569,7.599,89,0
I,7.589,7.619,113,0
I,7.609,7.639,112,0
I,7.629,7.659,111,0
I,7.649,7.679,119,0
I,7.668,7.698,127,0
I,7.689,7.719,114,0
I,7.709,7.739,100,0
I,7.73,7.76,97,0
I,7.75,7.78,94,0
I,7.769,7.799,93,0
I,7.788,7.818,92,0
I,7.809,7.839,85,0
I,7.829,7.859,78,0
I,7.849,7.879,78,0
I,7.869,7.899,78,0
I,7.89,7.92,71,0
I,7.91,7.94,64,0
I,7.93,7.96,73,0
I,7.95,7.98,85,0
I,7.97,8.0,82,0
I,7.99,8.021,78,0
I,8.01,8.042,87,0
I,8.03,8.062,97,0
I,8.05,8.083,92,0
I,8.07,8.104,87,0
I,8.091,8.126,69,0
I,8.111,8.147,51,0
I,8.131,8.168,53,0
I,8.151,8.189,55,0
I,8.171,8.209,84,0
I,8.19,8.229,113,0
I,8.211,8.251,106,0
I,8.231,8.272,100,0
I,8.251,8.293,103,0
I,8.27,8.312,106,0
I,8.29,8.333,105,0
I,8.309,8.353,104,0
I,8.33,8.375,101,0
I,8.351,8.397,98,0
I,8.37,8.417,68,0
I,8.389,8.436,36,0
I,8.409,8.457,38,0
I,8.428,8.477,39,0
I,8.449,8.499,49,0
I,8.47,8.521,59,0
I,8.49,8.542,77,0
I,8.51,8.562,94,0
I,8.53,8.583,93,0
I,8.549,8.603,92,0
I,8.569,8.624,86,0
I,8.588,8.644,79,0
I,8.609,8.666,87,0
I,8.629,8.686,96,0
I,8.649,8.707,93,0
I,8.668,8.727,90,0
I,8.688,8.748,89,0
I,8.708,8.769,88,0
I,8.729,8.791,83,0
I,8.75,8.812,79,0
I,8.771,8.834,80,0
I,8.791,8.855,80,0
I,8.811,8.876,73,0
I,8.83,8.896,66,0
I,8.85,8.917,76,0
I,8.869,8.936,86,0
I,8.89,8.958,85,0
I,8.91,8.979,84,0
I,8.93,9.0,85,0
I,8.95,9.02,86,0
I,8.97,9.04,85,0
I,8.99,9.06,84,0
I,9.009,9.079,89,0
I,9.028,9.098,95,0
I,9.049,9.119,85,0
I,9.07,9.14,76,0
I,9.09,9.16,70,0
I,9.11,9.18,64,0
I,9.13,9.2,70,0
I,9.149,9.219,75,0
I,9.169,9.239,67,0
I,9.189,9.259,59,0
I,9.209,9.279,60,0
I,9.228,9.298,61,0
I,9.249,9.319,67,0
I,9.269,9.339,72,0
I,9.29,9.36,83,0
I,9.31,9.38,94,0
I,9.329,9.399,89,0
I,9.348,9.418,84,0
I,9.368,9.438,76,0
I,9.388,9.458,68,0
I,9.409,9.479,71,0
I,9.429,9.499,74,0
I,9.449,9.519,75,0
I,9.469,9.539,77,0
I,9.49,9.56,76,0
I,9.51,9.58,76,0
I,9.53,9.6,81,0
I,9.55,9.62,86,0
I,9.57,9.64,88,0
I,9.589,9.659,90,0
I,9.61,9.68,81,0
I,9.63,9.7,72,0
I,9.65,9.72,75,0
I,9.669,9.739,78,0
I,9.689,9.759,90,0
I,9.709,9.779,102,0
I,9.73,9.8,89,0
I,9.75,9.82,76,0
I,9.77,9.84,77,0
I,9.789,9.859,78,0
I,9.809,9.879,90,0
I,9.828,9.898,102,0
I,9.849,9.919,107,0
I,9.869,9.939,112,0
I,9.89,9.96,99,0
I,9.91,9.98,85,0
I,9.93,10.0,90,0
I,9.949,10.019,95,0
I,9.969,10.039,86,0
I,9.989,10.059,77,0
I,10.009,10.079,82,0
I,10.029,10.099,87,0
I,10.05,10.12,88,0
I,10.07,10.14,88,0
I,10.09,10.16,79,0
I,10.109,10.179,70,0
I,10.129,10.199,69,0
I,10.149,10.219,67,0
I,10.169,10.239,74,0
I,10.189,10.259,81,0
I,10.204,10.274,92,0
I,10.218,10.288,104,0
I,10.367,10.437,96,0
I,10.515,10.585,87,0
I,10.532,10.602,87,0
I,10.549,10.619,86,0
I,10.57,10.64,81,0
I,10.59,10.66,76,0
I,10.61,10.68,80,0
I,10.629,10.699,83,0
I,10.649,10.719,86,0
I,10.668,10.738,88,0
I,10.688,10.758,92,0
I,10.708,10.778,95,0
I,10.728,10.798,84,0
I,10.747,10.817,72,0
I,10.768,10.838,80,0
I,10.788,10.858,88,0
I,10.809,10.879,89,0
I,10.829,10.899,89,0
I,10.85,10.92,85,0
I,10.87,10.94,80,0
I,10.89,10.96,96,0
I,10.91,10.98,112,0
I,10.93,11.0,102,0
I,10.95,11.02,93,0
I,10.97,11.041,89,0
I,10.99,11.061,86,0
I,11.01,11.082,65,0
I,11.029,11.101,44,0
I,11.05,11.123,70,0
I,11.07,11.143,95,0
I,11.09,11.164,82,0
I,11.11,11.184,70,0
I,11.13,11.204,66,0
I,11.15,11.225,61,0
I,11.17,11.245,65,0
I,11.189,11.265,69,0
I,11.21,11.286,73,0
I,11.23,11.307,78,0
I,11.25,11.327,80,0
I,11.269,11.347,82,0
I,11.29,11.368,92,0
I,11.31,11.389,103,0
I,11.33,11.409,87,0
I,11.349,11.428,71,0
I,11.37,11.45,88,0
I,11.39,11.47,105,0
I,11.409,11.49,93,0
I,11.428,11.509,82,0
I,11.449,11.531,82,0
I,11.469,11.551,81,0
I,11.489,11.572,75,0
I,11.509,11.592,69,0
I,11.528,11.611,92,0
I,11.547,11.631,114,0
I,11.568,11.652,116,0
I,11.589,11.674,117,0
I,11.609,11.694,89,0
I,11.629,11.715,59,0
I,11.649,11.735,82,0
I,11.669,11.756,104,0
I,11.69,11.777,96,0
I,11.71,11.798,89,0
I,11.73,11.818,94,0
I,11.75,11.838,100,0
I,11.77,11.859,82,0
I,11.79,11.879,63,0
I,11.809,11.899,89,0
I,11.828,11.918,114,0
I,11.849,11.94,113,0
I,11.869,11.96,113,0
I,11.889,11.981,107,0
I,11.908,12.0,102,0
I,11.929,12.021,95,0
I,11.949,12.042,87,0
I,11.97,12.063,75,0
I,11.99,12.084,63,0
I,12.011,12.105,79,0
I,12.031,12.125,94,0
I,12.051,12.146,97,0
I,12.07,12.165,101,0
I,12.09,12.185,99,0
I,12.11,12.206,96,0
I,12.129,12.225,93,0
I,12.148,12.244,90,0
I,12.17,12.267,72,0
I,12.191,12.288,54,0
I,12.21,12.308,58,0
I,12.228,12.326,63,0
I,12.249,12.347,90,0
I,12.27,12.369,117,0
I,12.29,12.389,127,0
I,12.31,12.409,137,0
I,12.33,12.43,119,0
I,12.35,12.45,101,0
I,12.371,12.471,100,0
I,12.391,12.492,98,0
I,12.411,12.512,103,0
I,12.43,12.532,107,0
I,12.45,12.552,114,0
I,12.469,12.571,120,0
I,12.49,12.593,111,0
I,12.51,12.613,102,0
I,12.53,12.633,115,0
I,12.55,12.654,128,0
I,12.57,12.674,132,0
I,12.589,12.693,135,0
I,12.609,12.714,124,0
I,12.629,12.734,114,0
I,12.648,12.754,112,0
I,12.667,12.773,110,0
I,12.688,12.794,106,0
I,12.708,12.815,102,0
I,12.729,12.836,69,0
I,12.75,12.857,36,0
I,12.769,12.877,76,0
I,12.788,12.896,115,0
I,12.809,12.918,117,0
I,12.829,12.938,119,0
I,12.849,12.958,117,0
I,12.869,12.979,116,0
I,12.89,13.0,120,0
I,12.91,13.02,123,0
I,12.93,13.04,134,0
I,12.95,13.06,144,0
I,12.97,13.08,139,0
I,12.989,13.099,135,0
I,13.009,13.119,118,0
I,13.028,13.138,102,0
I,13.048,13.158,108,0
I,13.068,13.178,114,0
I,13.09,13.2,116,0
I,13.111,13.221,117,0
I,13.131,13.241,119,0
I,13.15,13.26,120,0
I,13.17,13.28,106,0
I,13.19,13.3,91,0
I,13.21,13.32,95,0
I,13.229,13.339,99,0
I,13.25,13.36,102,0
I,13.27,13.38,105,0
I,13.29,13.4,98,0
I,13.31,13.42,92,0
I,13.33,13.44,107,0
I,13.35,13.46,121,0
I,13.37,13.48,121,0
I,13.389,13.499,120,0
I,13.409,13.519,115,0
I,13.429,13.539,110,0
I,13.45,13.56,104,0
I,13.47,13.58,98,0
I,13.491,13.601,97,0
I,13.511,13.621,96,0
I,13.531,13.641,94,0
I,13.551,13.661,92,0
I,13.57,13.68,117,0
I,13.589,13.699,141,0
I,13.61,13.72,147,0
I,13.63,13.74,152,1
I,13.65,13.76,137,0
I,13.669,13.779,122,0
I,13.69,13.8,136,0
I,13.71,13.82,149,0
I,13.73,13.84,132,0
I,13.75,13.86,114,0
I,13.77,13.88,95,0
I,13.79,13.9,75,0
I,13.81,13.92,87,0
I,13.83,13.94,98,0
I,13.85,13.96,90,0
I,13.87,13.98,82,0
I,13.89,14.0,102,0
I,13.91,14.02,122,0
I,13.931,14.041,112,0
I,13.951,14.061,101,0
I,13.97,14.08,118,0
I,13.989,14.099,135,0
I,14.01,14.12,137,0
I,14.03,14.14,140,0
I,14.05,14.16,120,0
I,14.07,14.18,100,0
I,14.09,14.2,112,0
I,14.109,14.219,123,0
I,14.129,14.239,115,0
I,14.149,14.259,107,0
I,14.169,14.279,89,0
I,14.189,14.299,71,0
I,14.209,14.319,96,0
I,14.229,14.339,119,0
I,14.249,14.359,114,0
I,14.268,14.378,108,0
I,14.29,14.4,109,0
I,14.311,14.421,110,0
I,14.331,14.441,105,0
I,14.35,14.46,100,0
I,14.37,14.48,108,0
I,14.39,14.5,116,0
I,14.41,14.52,99,0
I,14.429,14.539,82,0
I,14.449,14.559,89,0
I,14.469,14.579,97,0
I,14.49,14.6,81,0
I,14.51,14.62,65,0
I,14.53,14.64,82,0
I,14.55,14.66,100,0
I,14.57,14.68,115,0
I,14.589,14.699,129,0
I,14.609,14.719,108,0
I,14.629,14.739,87,0
I,14.65,14.76,82,0
I,14.67,14.78,78,0
I,14.69,14.8,74,0
I,14.709,14.819,70,0
I,14.729,14.839,71,0
I,14.749,14.859,72,0
I,14.77,14.88,95,0
I,14.79,14.9,117,0
I,14.81,14.92,91,0
I,14.829,14.939,64,0
I,14.85,14.96,80,0
I,14.87,14.98,95,0
I,14.89,15.0,110,0
I,14.91,15.02,125,0
I,14.93,15.04,111,0
I,14.95,15.06,98,0
I,14.969,15.079,83,0
I,14.987,15.097,67,0
I,15.029,15.139,101,0
I,15.07,15.18,136,0
I,15.09,15.2,128,0
I,15.109,15.219,120,0
I,15.129,15.239,117,0
I,15.148,15.258,115,0
I,15.169,15.279,98,0
I,15.19,15.3,80,0
I,15.21,15.32,84,0
I,15.23,15.34,88,0
I,15.25,15.36,94,0
I,15.269,15.379,99,0
I,15.289,15.399,81,0
I,15.309,15.419,62,0
I,15.329,15.439,97,0
I,15.348,15.458,132,0
I,15.369,15.479,127,0
I,15.389,15.499,121,0
I,15.409,15.52,124,0
I,15.429,15.54,127,0
I,15.45,15.561,115,0
I,15.47,15.581,103,0
I,15.49,15.601,105,0
I,15.509,15.62,108,0
I,15.53,15.641,106,0
I,15.55,15.661,103,0
I,15.57,15.681,108,0
I,15.589,15.7,112,0
I,15.609,15.72,96,0
I,15.629,15.74,79,0
I,15.648,15.759,90,0
I,15.667,15.778,100,0
I,15.688,15.799,102,0
I,15.709,15.82,105,0
I,15.729,15.84,107,0
I,15.749,15.86,109,0
I,15.769,15.88,109,0
I,15.789,15.9,108,0
I,15.81,15.921,124,0
I,15.83,15.941,140,0
I,15.85,15.961,123,0
I,15.869,15.98,105,0
I,15.889,16.0,116,0
I,15.909,16.02,126,0
I,15.93,16.041,105,0
I,15.95,16.061,83,0
I,15.97,16.081,101,0
I,15.99,16.101,119,0
I,16.01,16.121,127,0
I,16.029,16.14,135,0
I,16.049,16.16,119,0
I,16.069,16.18,102,0
I,16.09,16.201,117,0
I,16.11,16.221,130,0
I,16.129,16.24,121,0
I,16.147,16.258,112,0
I,16.169,16.28,120,0
I,16.19,16.301,129,0
I,16.21,16.321,115,0
I,16.229,16.34,102,0
I,16.25,16.361,88,0
I,16.27,16.381,73,0
I,16.29,16.401,59,0
I,16.31,16.421,44,0
I,16.33,16.441,44,0
I,16.349,16.46,44,0
I,16.369,16.48,56,0
I,16.389,16.5,69,0
I,16.41,16.521,62,0
I,16.43,16.541,55,0
I,16.45,16.561,58,0
I,16.47,16.581,61,0
I,16.49,16.601,58,0
I,16.51,16.621,57,0
I,16.53,16.641,75,0
I,16.55,16.661,93,0
I,16.57,16.681,90,0
I,16.59,16.701,87,0
I,16.61,16.721,90,0
I,16.63,16.741,93,0
I,16.65,16.761,94,0
I,16.669,16.78,95,0
I,16.69,16.801,119,0
I,16.71,16.821,143,0
I,16.73,16.841,124,0
I,16.749,16.86,104,0
I,16.769,16.88,96,0
I,16.789,16.9,87,0
I,16.809,16.92,91,0
I,16.829,16.94,95,0
I,16.85,16.961,91,0
I,16.87,16.981,87,0
I,16.889,17.0,88,0
I,16.908,17.019,89,0
I,16.929,17.04,91,0
I,16.95,17.061,93,0
I,16.97,17.081,75,0
I,16.989,17.1,57,0
I,17.009,17.12,65,0
I,17.029,17.14,73,0
I,17.05,17.161,94,0
I,17.07,17.181,115,0
