carril,pk_ini,pk_fin,longitud_m,ancho_m,superficie_m2,pct_longitud_km,defl_media,defl_max,n_ensayos
D,0.0,1.0,150,3.5,525.0,15.0,88,158,49
D,1.0,2.0,125,3.0,375.0,12.5,91,133,50
D,2.0,3.0,90,3.0,270.0,9.0,92,136,50
D,3.0,4.0,188,2.0,376.0,18.8,96,142,49
D,4.0,5.0,85,3.5,297.5,8.5,111,174,49
D,5.0,6.0,175,2.0,350.0,17.5,101,134,49
D,6.0,7.0,110,2.0,220.0,11.0,107,162,49
D,7.0,8.0,188,2.5,470.0,18.8,109,186,51
D,8.0,9.0,172,3.0,516.0,17.2,97,131,48
D,9.0,10.0,190,2.0,380.0,19.0,103,129,50
D,10.0,11.0,192,2.5,480.0,19.2,95,128,38
D,11.0,12.0,150,2.0,300.0,15.0,98,143,49
D,12.0,13.0,158,3.5,553.0,15.8,106,164,48
D,13.0,14.0,170,2.5,425.0,17.0,96,138,49
D,14.0,15.0,150,3.0,450.0,15.0,100,130,50
D,15.0,16.0,185,2.0,370.0,18.5,96,128,48
D,16.0,17.0,101,3.0,303.0,10.1,98,143,46
D,17.0,17.25,110,2.5,275.0,44.0,121,153,11
I,0.0,1.0,120,2.5,300.0,12.0,77,114,50
I,1.0,2.0,110,3.5,385.0,11.0,87,115,50
I,2.0,3.0,102,3.5,357.0,10.2,73,113,50
I,3.0,4.0,95,2.5,237.5,9.5,88,133,49
I,4.0,5.0,177,2.0,354.0,17.7,90,129,50
I,5.0,6.0,105,2.5,262.5,10.5,83,138,50
I,6.0,7.0,192,3.0,576.0,19.2,82,107,50
I,7.0,8.0,175,3.0,525.0,17.5,87,127,50
I,8.0,9.0,218,2.0,436.0,21.8,82,113,48
I,9.0,10.0,220,2.0,440.0,22.0,81,112,50
I,10.0,11.0,144,2.5,360.0,14.4,85,112,38
I,11.0,12.0,166,3.0,498.0,16.6,86,117,49
I,12.0,13.0,169,2.0,338.0,16.9,100,137,49
I,13.0,14.0,175,2.5,437.5,17.5,113,152,50
I,14.0,15.0,195,2.0,390.0,19.5,100,140,50
I,15.0,16.0,105,2.5,262.5,10.5,106,140,48
I,16.0,17.0,125,2.0,250.0,12.5,93,143,50
I,17.0,17.25,165,2.0,330.0,66.0,84,115,10
