id,carril,km,pk_ini,pk_fin,longitud_m,ancho_m,superficie_m2,defl_max,defl_media,n_ensayos,singular_gya,long_proyecto_km_m
ZD001,D,0,0.016,0.065,48.5,3.5,169.8,158,126,3,1,150
ZD002,D,0,0.215,0.235,20.0,3.5,70.0,101,101,1,0,150
ZD003,D,0,0.644,0.686,42.0,3.5,147.0,119,111,2,0,150
ZD004,D,0,0.786,0.825,39.5,3.5,138.2,112,106,2,0,150
ZD005,D,1,1.329,1.37,41.0,3.0,123.0,133,117,2,0,125
ZD006,D,1,1.518,1.562,44.0,3.0,132.0,127,115,3,0,125
ZD007,D,1,1.751,1.791,40.0,3.0,120.0,125,115,2,0,125
ZD008,D,2,2.111,2.131,20.0,3.0,60.0,104,104,1,0,90
ZD009,D,2,2.151,2.19,39.0,3.0,117.0,116,112,2,0,90
ZD010,D,2,2.954,2.985,31.0,3.0,93.0,136,124,2,0,90
ZD011,D,3,3.159,3.286,127.5,2.0,255.0,142,118,7,0,188
ZD012,D,3,3.786,3.827,40.5,2.0,81.0,142,130,2,0,188
ZD013,D,3,3.97,3.99,20.0,2.0,40.0,114,114,1,0,188
ZD014,D,4,4.0,4.011,10.5,3.5,36.8,153,153,1,1,85
ZD015,D,4,4.178,4.233,54.5,3.5,190.8,174,144,3,1,85
ZD016,D,4,4.929,4.949,20.0,3.5,70.0,150,150,1,1,85
ZD017,D,5,5.0,5.03,30.5,2.0,61.0,132,121,2,0,175
ZD018,D,5,5.153,5.173,20.0,2.0,40.0,103,103,1,0,175
ZD019,D,5,5.612,5.717,104.5,2.0,209.0,134,116,6,0,175
ZD020,D,5,5.808,5.828,20.0,2.0,40.0,102,102,1,0,175
ZD021,D,6,6.458,6.52,61.5,2.0,123.0,162,142,3,1,110
ZD022,D,6,6.832,6.881,48.5,2.0,97.0,147,129,3,0,110
ZD023,D,7,7.168,7.242,74.0,2.5,185.0,176,143,4,1,188
ZD024,D,7,7.384,7.402,18.0,2.5,45.0,121,121,1,0,188
ZD025,D,7,7.46,7.479,19.5,2.5,48.7,118,118,1,0,188
ZD026,D,7,7.678,7.755,76.5,2.5,191.3,186,147,4,1,188
ZD027,D,8,8.185,8.316,130.0,3.0,390.0,131,113,7,0,172
ZD028,D,8,8.469,8.511,42.0,3.0,126.0,115,112,2,0,172
ZD029,D,9,9.07,9.152,81.0,2.0,162.0,128,116,4,0,190
ZD030,D,9,9.357,9.466,109.0,2.0,218.0,129,121,6,0,190
ZD031,D,10,10.249,10.289,40.0,2.5,100.0,125,114,2,0,192
ZD032,D,10,10.42,10.44,20.0,2.5,50.0,110,110,1,0,192
ZD033,D,10,10.713,10.784,70.5,2.5,176.3,128,113,4,0,192
ZD034,D,10,10.928,10.99,61.5,2.5,153.8,109,104,3,0,192
ZD035,D,11,11.051,11.072,20.5,2.0,41.0,108,108,1,0,150
ZD036,D,11,11.539,11.581,42.0,2.0,84.0,143,128,2,0,150
ZD037,D,11,11.764,11.805,40.5,2.0,81.0,127,114,2,0,150
ZD038,D,11,11.894,11.941,47.0,2.0,94.0,127,121,3,0,150
ZD039,D,12,12.428,12.448,20.0,3.5,70.0,153,153,1,1,158
ZD040,D,12,12.639,12.777,138.0,3.5,483.0,164,144,7,1,158
ZD041,D,13,13.002,13.07,67.5,2.5,168.8,138,125,4,0,170
ZD042,D,13,13.131,13.172,41.5,2.5,103.7,131,124,2,0,170
ZD043,D,13,13.765,13.826,61.0,2.5,152.5,124,114,3,0,170
ZD044,D,14,14.071,14.112,41.0,3.0,123.0,124,115,2,0,150
ZD045,D,14,14.161,14.27,109.0,3.0,327.0,129,121,6,0,150
ZD046,D,15,15.051,15.092,41.5,2.0,83.0,125,113,3,0,185
ZD047,D,15,15.316,15.357,41.0,2.0,82.0,128,118,2,0,185
ZD048,D,15,15.622,15.664,41.5,2.0,83.0,113,110,2,0,185
ZD049,D,15,15.787,15.807,20.5,2.0,41.0,76,76,1,1,185
ZD050,D,15,15.848,15.868,20.5,2.0,41.0,104,104,1,0,185
ZD051,D,15,15.971,15.991,20.0,2.0,40.0,102,102,1,0,185
ZD052,D,16,16.076,16.099,22.5,3.0,67.5,104,104,1,1,101
ZD053,D,16,16.142,16.163,20.5,3.0,61.5,114,114,1,0,101
ZD054,D,16,16.534,16.555,21.0,3.0,63.0,112,112,1,0,101
ZD055,D,16,16.777,16.814,37.0,3.0,111.0,142,128,2,0,101
ZD056,D,17,17.055,17.165,110.0,2.5,275.0,153,128,6,1,110
ZI057,I,0,0.303,0.323,20.0,2.5,50.0,114,114,1,0,120
ZI058,I,0,0.788,0.849,60.0,2.5,150.0,98,95,3,0,120
ZI059,I,0,0.95,0.99,40.0,2.5,100.0,107,104,2,0,120
ZI060,I,1,1.0,1.01,10.5,3.5,36.7,110,110,1,0,110
ZI061,I,1,1.45,1.49,40.0,3.5,140.0,101,100,2,0,110
ZI062,I,1,1.63,1.69,59.5,3.5,208.3,115,113,3,0,110
ZI063,I,2,2.43,2.45,20.0,3.5,70.0,90,90,1,0,102
ZI064,I,2,2.869,2.889,20.0,3.5,70.0,91,91,1,0,102
ZI065,I,2,2.919,2.981,62.0,3.5,217.0,113,94,4,0,102
ZI066,I,3,3.646,3.7,53.5,2.5,133.7,133,125,3,0,95
ZI067,I,3,3.785,3.827,41.5,2.5,103.8,128,121,2,0,95
ZI068,I,4,4.01,4.03,20.0,2.0,40.0,113,113,1,0,177
ZI069,I,4,4.41,4.47,60.0,2.0,120.0,123,114,3,0,177
ZI070,I,4,4.49,4.569,78.5,2.0,157.0,129,112,4,0,177
ZI071,I,4,4.63,4.648,18.5,2.0,37.0,105,105,1,0,177
ZI072,I,5,5.017,5.122,105.0,2.5,262.5,138,111,6,0,105
ZI073,I,6,6.27,6.33,60.0,3.0,180.0,104,100,3,0,192
ZI074,I,6,6.413,6.486,73.5,3.0,220.5,102,100,4,0,192
ZI075,I,6,6.77,6.829,58.5,3.0,175.5,107,104,3,0,192
ZI076,I,7,7.329,7.37,40.0,3.0,120.0,108,104,2,0,175
ZI077,I,7,7.612,7.747,135.0,3.0,405.0,127,114,7,0,175
ZI078,I,8,8.052,8.072,20.5,2.0,41.0,97,97,1,0,218
ZI079,I,8,8.224,8.381,156.5,2.0,313.0,113,105,8,0,218
ZI080,I,8,8.572,8.593,20.5,2.0,41.0,93,93,1,0,218
ZI081,I,8,8.697,8.717,20.5,2.0,41.0,93,93,1,0,218
ZI082,I,9,9.07,9.108,39.0,2.0,78.0,95,92,2,0,220
ZI083,I,9,9.389,9.409,19.0,2.0,38.0,89,89,1,0,220
ZI084,I,9,9.749,9.81,61.0,2.0,122.0,102,94,3,0,220
ZI085,I,9,9.879,9.98,101.0,2.0,202.0,112,99,6,0,220
ZI086,I,10,10.009,10.029,19.5,2.5,48.8,95,95,1,0,144
ZI087,I,10,10.267,10.298,31.5,2.5,78.7,104,98,2,0,144
ZI088,I,10,10.427,10.447,20.0,2.5,50.0,96,96,1,0,144
ZI089,I,10,10.752,10.784,33.0,2.5,82.5,95,94,2,0,144
ZI090,I,10,10.95,10.99,40.0,2.5,100.0,112,104,2,0,144
ZI091,I,11,11.0,11.01,10.0,3.0,30.0,102,102,1,0,166
ZI092,I,11,11.621,11.684,63.0,3.0,189.0,117,116,3,0,166
ZI093,I,11,11.767,11.787,21.0,3.0,63.0,96,96,1,0,166
ZI094,I,11,11.914,11.986,72.0,3.0,216.0,114,112,4,0,166
ZI095,I,12,12.379,12.44,61.0,2.0,122.0,137,128,3,0,169
ZI096,I,12,12.65,12.717,67.0,2.0,134.0,135,130,4,0,169
ZI097,I,12,12.928,12.948,20.0,2.0,40.0,119,119,1,0,169
ZI098,I,12,12.968,12.989,21.0,2.0,42.0,116,116,1,0,169
ZI099,I,13,13.03,13.09,59.5,2.5,148.8,144,139,3,0,175
ZI100,I,13,13.692,13.767,75.0,2.5,187.5,152,144,4,1,175
ZI101,I,13,13.79,13.83,40.5,2.5,101.2,149,142,2,0,175
ZI102,I,14,14.072,14.169,97.0,2.0,194.0,140,130,5,0,195
ZI103,I,14,14.209,14.249,39.5,2.0,79.0,123,119,2,0,195
ZI104,I,14,14.349,14.369,19.5,2.0,39.0,114,114,1,0,195
ZI105,I,14,14.67,14.709,39.0,2.0,78.0,129,122,2,0,195
ZI106,I,15,15.19,15.209,19.5,2.5,48.7,128,128,1,0,105
ZI107,I,15,15.477,15.522,45.0,2.5,112.5,127,124,3,0,105
ZI108,I,15,15.91,15.951,40.5,2.5,101.3,140,132,2,0,105
ZI109,I,16,16.111,16.15,39.0,2.0,78.0,135,131,2,0,125
ZI110,I,16,16.211,16.249,38.0,2.0,76.0,130,126,2,0,125
ZI111,I,16,16.291,16.311,20.5,2.0,41.0,129,129,1,0,125
ZI112,I,16,16.817,16.845,27.5,2.0,55.0,143,134,2,0,125
ZI113,I,17,17.003,17.107,104.0,2.0,208.0,93,82,6,0,165
ZI114,I,17,17.13,17.191,61.0,2.0,122.0,115,94,3,0,165
